MODIFIER_ID	MODIFIER_NAME	MODIFIER_DESCRIPTION	MODIFIER_CODE	MODIFIER_VISIBLE_FLAG	MODIFIER_ORDER	DELETED	CREATED_DATE	CREATED_USER_ID	UPDATED_DATE	UPDATED_USER_ID
1	DRESSING 1 WOUND	DRESSING FOR ONE WOUND	A1	1	1	0	2009-11-18 10:28:00	1	2009-11-18 10:28:00	NULL
31	DRESSING - 2 WOUNDS	DRESSING FOR TWO WOUNDS	A2	1	2	0	2009-11-19 10:28:00	1	2009-11-19 10:28:00	NULL
61	DRESSING - 3 WOUNDS	DRESSING FOR THREE WOUNDS	A3	1	3	0	2009-11-20 10:28:00	1	2009-11-20 10:28:00	NULL
91	DRESSING - 4 WOUNDS	DRESSING FOR FOUR WOUNDS	A4	1	4	0	2009-11-21 10:28:00	1	2009-11-21 10:28:00	NULL
121	DRESSING - 5 WOUNDS	DRESSING FOR FIVE WOUNDS	A5	1	5	0	2009-11-22 10:28:00	1	2009-11-22 10:28:00	NULL
151	DRESSING - 6 WOUNDS	DRESSING FOR SIX WOUNDS	A6	1	6	0	2009-11-23 10:28:00	1	2009-11-23 10:28:00	NULL
181	DRESSING - 7 WOUNDS	DRESSING FOR SEVEN WOUNDS	A7	1	7	0	2009-11-24 10:28:00	1	2009-11-24 10:28:00	NULL
211	DRESSING - 8 WOUNDS	DRESSING FOR EIGHT WOUNDS	A8	1	8	0	2009-11-25 10:28:00	1	2009-11-25 10:28:00	NULL
241	DRESSING - 9+ WOUNDS	DRESSING FOR NINE OR MORE WOUNDS	A9	1	9	0	2009-11-26 10:28:00	1	2009-11-26 10:28:00	NULL
271	ANESTH SVCS BY ANESTH	ANESTHESIA SERVICES PERFORMED PERSONALLY BY ANESTHESIOLOGIST	AA	1	10	0	2009-11-27 10:28:00	1	2009-11-27 10:28:00	NULL
301	SUPERVISION > 4 PROCS	MEDICAL SUPERVISION BY A PHYSICIAN: MORE THAN FOUR CONCURRENT ANESTHESIA PROCEDURES	AD	1	11	0	2009-11-28 10:28:00	1	2009-11-28 10:28:00	NULL
331	REGISTERED DIETICIAN	REGISTERED DIETICIAN	AE	1	12	0	2009-11-29 10:28:00	1	2009-11-29 10:28:00	NULL
361	SPECIALTY PHYSICIAN	SPECIALTY PHYSICIAN	AF	1	13	0	2009-11-30 10:28:00	1	2009-11-30 10:28:00	NULL
391	PRIMARY PHYSICIAN	PRIMARY PHYSICIAN	AG	1	14	0	2009-12-01 10:28:00	1	2009-12-01 10:28:00	NULL
421	CLINICAL PSYCHOLOGIST	CLINICAL PSYCHOLOGIST	AH	1	15	0	2009-12-02 10:28:00	1	2009-12-02 10:28:00	NULL
451	CLINICAL SOC WORKER	CLINICAL SOCIAL WORKER	AJ	1	16	0	2009-12-03 10:28:00	1	2009-12-03 10:28:00	NULL
481	NON-PART PHYSICIAN	NON PARTICIPATING PHYSICIAN	AK	1	17	0	2009-12-04 10:28:00	1	2009-12-04 10:28:00	NULL
511	PHYS, TEAM MEMBER SVC	PHYSICIAN, TEAM MEMBER SERVICE	AM	1	18	0	2009-12-05 10:28:00	1	2009-12-05 10:28:00	NULL
541	NO REFRACTIVE STATE	DETERMINATION OF REFRACTIVE STATE WAS NOT PERFORMED IN THE COURSE OF DIAGNOSTIC OPHTHALMOLOGICAL EXAMINATION	AP	1	19	0	2009-12-06 10:28:00	1	2009-12-06 10:28:00	NULL
571	PHYSICIAN IN HPSA	PHYSICIAN PROVIDING A SERVICE IN AN UNLISTED HEALTH PROFESSIONAL SHORTAGE AREA (HPSA)	AQ	1	20	0	2009-12-07 10:28:00	1	2009-12-07 10:28:00	NULL
601	PHYSICIAN IN SCARCITY	PHYSICIAN PROVIDER SERVICES IN A PHYSICIAN SCARCITY AREA	AR	1	21	0	2009-12-08 10:28:00	1	2009-12-08 10:28:00	NULL
631	PA/NP SURG. ASSIST	PHYSICIAN ASSISTANT, NURSE PRACTITIONER, OR CLINICAL NURSE SPECIALIST SERVICES FOR ASSISTANT AT SURGERY	AS	1	22	0	2009-12-09 10:28:00	1	2009-12-09 10:28:00	NULL
661	ACUTE 98940-2	ACUTE TREATMENT (THIS MODIFIER SHOULD BE USED WHEN REPORTING SERVICE 98940, 98941, 98942)	AT	1	23	0	2009-12-10 10:28:00	1	2009-12-10 10:28:00	NULL
691	URO/OST/TRACH	ITEM FURNISHED IN CONJUNCTION WITH A UROLOGICAL, OSTOMY, OR TRACHEOSTOMY SUPPLY	AU	1	24	0	2009-12-11 10:28:00	1	2009-12-11 10:28:00	NULL
721	PROSTHETIC/ORTHOTIC	ITEM FURNISHED IN CONJUNCTION WITH A PROSTHETIC DEVICE, PROSTHETIC OR ORTHOTIC	AV	1	25	0	2009-12-12 10:28:00	1	2009-12-12 10:28:00	NULL
751	SURGICAL DRESSING	ITEM FURNISHED IN CONJUNCTION WITH A SURGICAL DRESSING	AW	1	26	0	2009-12-13 10:28:00	1	2009-12-13 10:28:00	NULL
781	DIALYSIS SERVICES	ITEM FURNISHED IN CONJUNCTION WITH DIALYSIS SERVICES	AX	1	27	0	2009-12-14 10:28:00	1	2009-12-14 10:28:00	NULL
811	PEN SERVICES	ITEM FURNISHED IN CONJUNCTION WITH PARENTERAL ENTERAL NUTRITION (PEN) SERVICES	BA	1	28	0	2009-12-15 10:28:00	1	2009-12-15 10:28:00	NULL
841	SPECIAL BLOODS	SPECIAL ACQUISITION OF BLOOD AND BLOOD PRODUCTS	BL	1	29	0	2009-12-16 10:28:00	1	2009-12-16 10:28:00	NULL
871	NO TUBE ORAL NUTRIT.	ORALLY ADMINISTERED NUTRITION, NOT BY FEEDING TUBE	BO	1	30	0	2009-12-17 10:28:00	1	2009-12-17 10:28:00	NULL
901	PURCHASE ELECTED	THE BENEFICIARY HAS BEEN INFORMED OF THE PURCHASE AND RENTAL OPTIONS AND HAS ELECTED TO PURCHASE THE ITEM	BP	1	31	0	2009-12-18 10:28:00	1	2009-12-18 10:28:00	NULL
931	RENTAL ELECTED	THE BENEFICIARY HAS BEEN INFORMED OF THE PURCHASE AND RENTAL OPTIONS AND HAS ELECTED TO RENT THE ITEM	BR	1	32	0	2009-12-19 10:28:00	1	2009-12-19 10:28:00	NULL
961	PURCHASE/RENT NO DEC.	THE BENEFICIARY HAS BEEN INFORMED OF THE PURCHASE AND RENTAL OPTIONS AND AFTER 30 DAYS HAS NOT INFORMED THE SUPPLIER OF HIS/HER DECISION	BU	1	33	0	2009-12-20 10:28:00	1	2009-12-20 10:28:00	NULL
991	IN PROC FOR EXPIRED OUT	PROCEDURE PAYABLE ONLY IN THE INPATIENT SETTING WHEN PERFORMED EMERGENTLY ON AN OUTPATIENT WHO EXPIRES PRIOR TO ADMISSION	CA	1	34	0	2009-12-21 10:28:00	1	2009-12-21 10:28:00	NULL
1021	BY RDF FOR ESRD	SERVICE ORDERED BY A RENAL DIALYSIS FACILITY (RDF) PHYSICIAN AS PART OF THE ESRD BENEFICIARY'S DIALYSIS BENEFIT, IS NOT PART OF THE COMPOSITE RATE, AND IS SEPARATELY REIMBURSABLE	CB	1	35	0	2009-12-22 10:28:00	1	2009-12-22 10:28:00	NULL
1051	CODE CHANGE	PROCEDURE CODE CHANGE (USE 'CC' WHEN THE PROCEDURE CODE SUBMITTED WAS CHANGED EITHER FOR ADMINISTRATIVE REASONS OR BECAUSE AN INCORRECT CODE WAS FILED)	CC	1	36	0	2009-12-23 10:28:00	1	2009-12-23 10:28:00	NULL
1081	AMCC NO SEPARATE BILL	AMCC TEST HAS BEEN ORDERED BY AN ESRD FACILITY OR MCP PHYSICIAN THAT IS PART OF THE COMPOSITE RATE AND IS NOT SEPARATELY BILLABLE	CD	1	37	0	2009-12-24 10:28:00	1	2009-12-24 10:28:00	NULL
1111	AMCC BEYOND FREQ.	AMCC TEST HAS BEEN ORDERED BY AN ESRD FACILITY OR MCP PHYSICIAN THAT IS A COMPOSITE RATE TEST BUT IS BEYOND THE NORMAL FREQUENCY COVERED UNDER THE RATE AND IS SEPARATELY REIMBURSABLE BASED ON MEDICAL NECESSITY	CE	1	38	0	2009-12-25 10:28:00	1	2009-12-25 10:28:00	NULL
1141	AMCC SEPARATE BILL	AMCC TEST HAS BEEN ORDERED BY AN ESRD FACILITY OR MCP PHYSICIAN THAT IS NOT PART OF THE COMPOSITE RATE AND IS SEPARATELY BILLABLE	CF	1	39	0	2009-12-26 10:28:00	1	2009-12-26 10:28:00	NULL
1171	POLICY CRITERIA APPLIED	POLICY CRITERIA APPLIED	CG	1	40	0	2009-12-27 10:28:00	1	2009-12-27 10:28:00	NULL
1201	CATASTROPHE/DISASTER	CATASTROPHE/DISASTER RELATED	CR	1	41	0	2009-12-28 10:28:00	1	2009-12-28 10:28:00	NULL
1231	UPPER LEFT EYELID	UPPER LEFT, EYELID	E1	1	42	0	2009-12-29 10:28:00	1	2009-12-29 10:28:00	NULL
1261	LOWER LEFT EYELID	LOWER LEFT, EYELID	E2	1	43	0	2009-12-30 10:28:00	1	2009-12-30 10:28:00	NULL
1291	UPPER RIGHT EYELID	UPPER RIGHT, EYELID	E3	1	44	0	2009-12-31 10:28:00	1	2009-12-31 10:28:00	NULL
1321	LOWER RIGHT EYELID	LOWER RIGHT, EYELID	E4	1	45	0	2010-01-01 10:28:00	1	2010-01-01 10:28:00	NULL
1351	ESA CHEMOTHERAPY	ERYTHROPOETIC STIMULATING AGENT (ESA) ADMINISTERED TO TREAT ANEMIA DUE TO ANTI-CANCER CHEMOTHERAPY	EA	1	46	0	2010-01-02 10:28:00	1	2010-01-02 10:28:00	NULL
1381	ESA RADIOTHERAPY	ERYTHROPOETIC STIMULATING AGENT (ESA) ADMINISTERED TO TREAT ANEMIA DUE TO ANTI-CANCER RADIOTHERAPY	EB	1	47	0	2010-01-03 10:28:00	1	2010-01-03 10:28:00	NULL
1411	ESA NOT CHEMO/RADIO	ERYTHROPOETIC STIMULATING AGENT (ESA) ADMINISTERED TO TREAT ANEMIA NOT DUE TO ANTI-CANCER RADIOTHERAPY OR ANTI-CANCER CHEMOTHERAPY	EC	1	48	0	2010-01-04 10:28:00	1	2010-01-04 10:28:00	NULL
1441	HEMATOCRIT >39%	HEMATOCRIT LEVEL HAS EXCEEDED 39% (OR HEMOGLOBIN LEVEL HAS EXCEEDED 13.0 G/DL) FOR 3 OR MORE CONSECUTIVE BILLING CYCLES IMMEDIATELY PRIOR TO AND INCLUDING THE CURRENT CYCLE	ED	1	49	0	2010-01-05 10:28:00	1	2010-01-05 10:28:00	NULL
1471	HEMATOCRIT ?39%	HEMATOCRIT LEVEL HAS NOT EXCEEDED 39% (OR HEMOGLOBIN LEVEL HAS NOT EXCEEDED 13.0 G/DL) FOR 3 OR MORE CONSECUTIVE BILLING CYCLES IMMEDIATELY PRIOR TO AND INCLUDING THE CURRENT CYCLE	EE	1	50	0	2010-01-06 10:28:00	1	2010-01-06 10:28:00	NULL
1501	SUBSEQ. FOR COURSE	SUBSEQUENT CLAIMS FOR A DEFINED COURSE OF THERAPY, E.G., EPO, SODIUM HYALURONATE, INFLIXIMAB	EJ	1	51	0	2010-01-07 10:28:00	1	2010-01-07 10:28:00	NULL
1531	EMERGENCY RSV SUPPLY	EMERGENCY RESERVE SUPPLY (FOR ESRD BENEFIT ONLY)	EM	1	52	0	2010-01-08 10:28:00	1	2010-01-08 10:28:00	NULL
1561	EPSDT RELATED	SERVICE PROVIDED AS PART OF MEDICAID EARLY PERIODIC SCREENING DIAGNOSIS AND TREATMENT (EPSDT) PROGRAM	EP	1	53	0	2010-01-09 10:28:00	1	2010-01-09 10:28:00	NULL
1591	EMERGENCY SERVICES	EMERGENCY SERVICES	ET	1	54	0	2010-01-10 10:28:00	1	2010-01-10 10:28:00	NULL
1621	NO PROVIDER	NO PHYSICIAN OR OTHER LICENSED HEALTH CARE PROVIDER ORDER FOR THIS ITEM OR SERVICE	EY	1	55	0	2010-01-11 10:28:00	1	2010-01-11 10:28:00	NULL
1651	LEFT HAND 2ND DIGIT	LEFT HAND, SECOND DIGIT	F1	1	56	0	2010-01-12 10:28:00	1	2010-01-12 10:28:00	NULL
1681	LEFT HAND 3RD DIGIT	LEFT HAND, THIRD DIGIT	F2	1	57	0	2010-01-13 10:28:00	1	2010-01-13 10:28:00	NULL
1711	LEFT HAND 4TH DIGIT	LEFT HAND, FOURTH DIGIT	F3	1	58	0	2010-01-14 10:28:00	1	2010-01-14 10:28:00	NULL
1741	LEFT HAND 5TH DIGIT	LEFT HAND, FIFTH DIGIT	F4	1	59	0	2010-01-15 10:28:00	1	2010-01-15 10:28:00	NULL
1771	RIGHT HAND THUMB	RIGHT HAND, THUMB	F5	1	60	0	2010-01-16 10:28:00	1	2010-01-16 10:28:00	NULL
1801	RIGHT HAND 2ND DIGIT	RIGHT HAND, SECOND DIGIT	F6	1	61	0	2010-01-17 10:28:00	1	2010-01-17 10:28:00	NULL
1831	RIGHT HAND 3RD DIGIT	RIGHT HAND, THIRD DIGIT	F7	1	62	0	2010-01-18 10:28:00	1	2010-01-18 10:28:00	NULL
1861	RIGHT HAND 4TH DIGIT	RIGHT HAND, FOURTH DIGIT	F8	1	63	0	2010-01-19 10:28:00	1	2010-01-19 10:28:00	NULL
1891	RIGHT HAND FIFTH DIGIT	RIGHT HAND, FIFTH DIGIT	F9	1	64	0	2010-01-20 10:28:00	1	2010-01-20 10:28:00	NULL
1921	LEFT HAND THUMB	LEFT HAND, THUMB	FA	1	65	0	2010-01-21 10:28:00	1	2010-01-21 10:28:00	NULL
1951	NO COST ITEM	ITEM PROVIDED WITHOUT COST TO PROVIDER, SUPPLIER OR PRACTITIONER, OR FULL CREDIT RECEIVED FOR REPLACED DEVICE (EXAMPLES, BUT NOT LIMITED TO, COVERED UNDER WARRANTY, REPLACED DUE TO DEFECT, FREE SAMPLES)	FB	1	66	0	2010-01-22 10:28:00	1	2010-01-22 10:28:00	NULL
1981	PART CREDIT FOR REPLC.	PARTIAL CREDIT RECEIVED FOR REPLACED DEVICE	FC	1	67	0	2010-01-23 10:28:00	1	2010-01-23 10:28:00	NULL
2011	FAMILY PLANNING	SERVICE PROVIDED AS PART OF FAMILY PLANNING PROGRAM	FP	1	68	0	2010-01-24 10:28:00	1	2010-01-24 10:28:00	NULL
2041	URR <60	MOST RECENT URR READING OF LESS THAN 60	G1	1	69	0	2010-01-25 10:28:00	1	2010-01-25 10:28:00	NULL
2071	URR 60-64.9	MOST RECENT URR READING OF 60 TO 64.9	G2	1	70	0	2010-01-26 10:28:00	1	2010-01-26 10:28:00	NULL
2101	URR 65-69.9	MOST RECENT URR READING OF 65 TO 69.9	G3	1	71	0	2010-01-27 10:28:00	1	2010-01-27 10:28:00	NULL
2131	URR 70-74.9	MOST RECENT URR READING OF 70 TO 74.9	G4	1	72	0	2010-01-28 10:28:00	1	2010-01-28 10:28:00	NULL
2161	URR ?75	MOST RECENT URR READING OF 75 OR GREATER	G5	1	73	0	2010-01-29 10:28:00	1	2010-01-29 10:28:00	NULL
2191	ESRD < 6 DIALYSIS/MONTH	ESRD PATIENT FOR WHOM LESS THAN SIX DIALYSIS SESSIONS HAVE BEEN PROVIDED IN A MONTH	G6	1	74	0	2010-01-30 10:28:00	1	2010-01-30 10:28:00	NULL
2221	PREGNANCY R/I OR LT	PREGNANCY RESULTED FROM RAPE OR INCEST OR PREGNANCY CERTIFIED BY PHYSICIAN AS LIFE THREATENING	G7	1	75	0	2010-01-31 10:28:00	1	2010-01-31 10:28:00	NULL
2251	MAC COMP. SURG.	MONITORED ANESTHESIA CARE (MAC) FOR DEEP COMPLEX, COMPLICATED, OR MARKEDLY INVASIVE SURGICAL PROCEDURE	G8	1	76	0	2010-02-01 10:28:00	1	2010-02-01 10:28:00	NULL
2281	MAC CARDIO-PUL PAT.	MONITORED ANESTHESIA CARE FOR PATIENT WHO HAS HISTORY OF SEVERE CARDIO-PULMONARY CONDITION	G9	1	77	0	2010-02-02 10:28:00	1	2010-02-02 10:28:00	NULL
2311	LIABILITY WAIVER FILED	WAIVER OF LIABILITY STATEMENT ON FILE	GA	1	78	0	2010-02-03 10:28:00	1	2010-02-03 10:28:00	NULL
2341	RESUBMIT NO GLOBAL	CLAIM BEING RE-SUBMITTED FOR PAYMENT BECAUSE IT IS NO LONGER COVERED UNDER A GLOBAL PAYMENT DEMONSTRATION	GB	1	79	0	2010-02-04 10:28:00	1	2010-02-04 10:28:00	NULL
2371	RESIDENT UNDER PHYS.	THIS SERVICE HAS BEEN PERFORMED IN PART BY A RESIDENT UNDER THE DIRECTION OF A TEACHING PHYSICIAN	GC	1	80	0	2010-02-05 10:28:00	1	2010-02-05 10:28:00	NULL
2401	EXCEEDS MUEV	UNITS OF SERVICE EXCEEDS MEDICALLY UNLIKELY EDIT VALUE AND REPRESENTS REASONABLE AND NECESSARY SERVICES	GD	1	81	0	2010-02-06 10:28:00	1	2010-02-06 10:28:00	NULL
2431	RESIDENT NO PHYS.	THIS SERVICE HAS BEEN PERFORMED BY A RESIDENT WITHOUT THE PRESENCE OF A TEACHING PHYSICIAN UNDER THE PRIMARY CARE EXCEPTION	GE	1	82	0	2010-02-07 10:28:00	1	2010-02-07 10:28:00	NULL
2461	NP/CRNA/CRN/CNS/PA	NON-PHYSICIAN (E.G. NURSE PRACTITIONER (NP), CERTIFIED REGISTERED NURSE ANESTHETIST (CRNA), CERTIFIED REGISTERED NURSE (CRN), CLINICAL NURSE SPECIALIST (CNS), PHYSICIAN ASSISTANT (PA)) SERVICES IN A CRITICAL ACCESS HOSPITAL	GF	1	83	0	2010-02-08 10:28:00	1	2010-02-08 10:28:00	NULL
2491	SCRN & DIAG MAM 1 DAY	PERFORMANCE AND PAYMENT OF A SCREENING MAMMOGRAM AND DIAGNOSTIC MAMMOGRAM ON THE SAME PATIENT, SAME DAY	GG	1	84	0	2010-02-09 10:28:00	1	2010-02-09 10:28:00	NULL
2521	SCRN TO DIAG MAM 1 DAY 	DIAGNOSTIC MAMMOGRAM CONVERTED FROM SCREENING MAMMOGRAM ON SAME DAY	GH	1	85	0	2010-02-10 10:28:00	1	2010-02-10 10:28:00	NULL
2551	OPT OUT PHYS. EMERG.	OPT OUT PHYSICIAN OR PRACTITIONER EMERGENCY OR URGENT SERVICE	GJ	1	86	0	2010-02-11 10:28:00	1	2010-02-11 10:28:00	NULL
2581	NECESSARY GA/GZ ITEM	REASONABLE AND NECESSARY ITEM/SERVICE ASSOCIATED WITH A GA OR GZ MODIFIER	GK	1	87	0	2010-02-12 10:28:00	1	2010-02-12 10:28:00	NULL
2611	NO CHARGE UPGRADE	MEDICALLY UNNECESSARY UPGRADE PROVIDED INSTEAD OF NON-UPGRADED ITEM, NO CHARGE, NO ADVANCE BENEFICIARY NOTICE (ABN)	GL	1	88	0	2010-02-13 10:28:00	1	2010-02-13 10:28:00	NULL
2641	AMBULANCE >1 PATIENT	MULTIPLE PATIENTS ON ONE AMBULANCE TRIP	GM	1	89	0	2010-02-14 10:28:00	1	2010-02-14 10:28:00	NULL
2671	OUTPAT. SP PLAN	SERVICES DELIVERED UNDER AN OUTPATIENT SPEECH LANGUAGE PATHOLOGY PLAN OF CARE	GN	1	90	0	2010-02-15 10:28:00	1	2010-02-15 10:28:00	NULL
2701	OUTPAT. OT PLAN	SERVICES DELIVERED UNDER AN OUTPATIENT OCCUPATIONAL THERAPY PLAN OF CARE	GO	1	91	0	2010-02-16 10:28:00	1	2010-02-16 10:28:00	NULL
2731	OUTPAT. PT PLAN	SERVICES DELIVERED UNDER AN OUTPATIENT PHYSICAL THERAPY PLAN OF CARE	GP	1	92	0	2010-02-17 10:28:00	1	2010-02-17 10:28:00	NULL
2761	VIA ASYNCH TELECOMM	VIA ASYNCHRONOUS TELECOMMUNICATIONS SYSTEM	GQ	1	93	0	2010-02-18 10:28:00	1	2010-02-18 10:28:00	NULL
2791	RESIDENT IN VA	THIS SERVICE WAS PERFORMED IN WHOLE OR IN PART BY A RESIDENT IN A DEPARTMENT OF VETERANS AFFAIRS MEDICAL CENTER OR CLINIC, SUPERVISED IN ACCORDANCE WITH VA POLICY	GR	1	94	0	2010-02-19 10:28:00	1	2010-02-19 10:28:00	NULL
2821	DOSAGE < DUE TO HEM.	DOSAGE OF EPO OR DARBEPOIETIN ALFA HAS BEEN REDUCED AND MAINTAINED IN RESPONSE TO HEMATOCRIT OR HEMOGLOBIN LEVEL	GS	1	95	0	2010-02-20 10:28:00	1	2010-02-20 10:28:00	NULL
2851	VIA A/V TELECOMM.	VIA INTERACTIVE AUDIO AND VIDEO TELECOMMUNICATION SYSTEMS	GT	1	96	0	2010-02-21 10:28:00	1	2010-02-21 10:28:00	NULL
2881	ATT. UNPAID HOSPICE	ATTENDING PHYSICIAN NOT EMPLOYED OR PAID UNDER ARRANGEMENT BY THE PATIENT'S HOSPICE PROVIDER	GV	1	97	0	2010-02-22 10:28:00	1	2010-02-22 10:28:00	NULL
2911	SVC. NOT TERM. COND.	SERVICE NOT RELATED TO THE HOSPICE PATIENT'S TERMINAL CONDITION	GW	1	98	0	2010-02-23 10:28:00	1	2010-02-23 10:28:00	NULL
2941	STAT. EXCLUSION	ITEM OR SERVICE STATUTORILY EXCLUDED, DOES NOT MEET THE DEFINITION OF ANY MEDICARE BENEFIT OR, FOR NON-MEDICARE INSURERS, IS NOT A CONTRACT BENEFIT	GY	1	99	0	2010-02-24 10:28:00	1	2010-02-24 10:28:00	NULL
2971	SVC. DENIAL EXPECTED	ITEM OR SERVICE EXPECTED TO BE DENIED AS NOT REASONABLE AND NECESSARY	GZ	1	100	0	2010-02-25 10:28:00	1	2010-02-25 10:28:00	NULL
3001	COURT-ORDERED	COURT-ORDERED	H9	1	101	0	2010-02-26 10:28:00	1	2010-02-26 10:28:00	NULL
3031	CHILD/ADOLESCENT PROG.	CHILD/ADOLESCENT PROGRAM	HA	1	102	0	2010-02-27 10:28:00	1	2010-02-27 10:28:00	NULL
3061	ADULT PROG. NOT GER.	ADULT PROGRAM, NON GERIATRIC	HB	1	103	0	2010-02-28 10:28:00	1	2010-02-28 10:28:00	NULL
3091	ADULT PROG. GERIATRIC	ADULT PROGRAM, GERIATRIC	HC	1	104	0	2010-03-01 10:28:00	1	2010-03-01 10:28:00	NULL
3121	PREG/PAR. WOMEN PROG.	PREGNANT/PARENTING WOMEN'S PROGRAM	HD	1	105	0	2010-03-02 10:28:00	1	2010-03-02 10:28:00	NULL
3151	MENTAL HEALTH PROG.	MENTAL HEALTH PROGRAM	HE	1	106	0	2010-03-03 10:28:00	1	2010-03-03 10:28:00	NULL
3181	SUB. ABUSE PROG.	SUBSTANCE ABUSE PROGRAM	HF	1	107	0	2010-03-04 10:28:00	1	2010-03-04 10:28:00	NULL
3211	OPIOD ADDICT. PROG.	OPIOID ADDICTION TREATMENT PROGRAM	HG	1	108	0	2010-03-05 10:28:00	1	2010-03-05 10:28:00	NULL
3241	MENTAL/SUBST. PROG.	INTEGRATED MENTAL HEALTH/SUBSTANCE ABUSE PROGRAM	HH	1	109	0	2010-03-06 10:28:00	1	2010-03-06 10:28:00	NULL
3271	MNTL HEALTH/DEV PROG.	INTEGRATED MENTAL HEALTH AND MENTAL RETARDATION/DEVELOPMENTAL DISABILITIES PROGRAM	HI	1	110	0	2010-03-07 10:28:00	1	2010-03-07 10:28:00	NULL
3301	EMPLOYEE ASSIST. PROG.	EMPLOYEE ASSISTANCE PROGRAM	HJ	1	111	0	2010-03-08 10:28:00	1	2010-03-08 10:28:00	NULL
3331	MNTL HEALTH HIGH RISK	SPECIALIZED MENTAL HEALTH PROGRAMS FOR HIGH-RISK POPULATIONS	HK	1	112	0	2010-03-09 10:28:00	1	2010-03-09 10:28:00	NULL
3361	INTERN	INTERN	HL	1	113	0	2010-03-10 10:28:00	1	2010-03-10 10:28:00	NULL
3391	<BA LEVEL	LESS THAN BACHELOR DEGREE LEVEL	HM	1	114	0	2010-03-11 10:28:00	1	2010-03-11 10:28:00	NULL
3421	BA LEVEL	BACHELORS DEGREE LEVEL	HN	1	115	0	2010-03-12 10:28:00	1	2010-03-12 10:28:00	NULL
3451	MA LEVEL	MASTERS DEGREE LEVEL	HO	1	116	0	2010-03-13 10:28:00	1	2010-03-13 10:28:00	NULL
3481	PHD LEVEL	DOCTORAL LEVEL	HP	1	117	0	2010-03-14 10:28:00	1	2010-03-14 10:28:00	NULL
3511	GROUP SETTING	GROUP SETTING	HQ	1	118	0	2010-03-15 10:28:00	1	2010-03-15 10:28:00	NULL
3541	FAM/COUPLE W/ CLIENT	FAMILY/COUPLE WITH CLIENT PRESENT	HR	1	119	0	2010-03-16 10:28:00	1	2010-03-16 10:28:00	NULL
3571	FAM/COUPLE W/O CLIENT	FAMILY/COUPLE WITHOUT CLIENT PRESENT	HS	1	120	0	2010-03-17 10:28:00	1	2010-03-17 10:28:00	NULL
3601	MULTI-DISCIPLIN. TEAM	MULTI-DISCIPLINARY TEAM	HT	1	121	0	2010-03-18 10:28:00	1	2010-03-18 10:28:00	NULL
3631	CWA FUNDED	FUNDED BY CHILD WELFARE AGENCY	HU	1	122	0	2010-03-19 10:28:00	1	2010-03-19 10:28:00	NULL
3661	SAA FUNDED	FUNDED STATE ADDICTIONS AGENCY	HV	1	123	0	2010-03-20 10:28:00	1	2010-03-20 10:28:00	NULL
3691	SMHA FUNDED	FUNDED BY STATE MENTAL HEALTH AGENCY	HW	1	124	0	2010-03-21 10:28:00	1	2010-03-21 10:28:00	NULL
3721	CNTY/LOCAL FUNDED	FUNDED BY COUNTY/LOCAL AGENCY	HX	1	125	0	2010-03-22 10:28:00	1	2010-03-22 10:28:00	NULL
3751	JUVE. JUST. FUNDED	FUNDED BY JUVENILE JUSTICE AGENCY	HY	1	126	0	2010-03-23 10:28:00	1	2010-03-23 10:28:00	NULL
3781	CRIM. JUST. FUNDED	FUNDED BY CRIMINAL JUSTICE AGENCY	HZ	1	127	0	2010-03-24 10:28:00	1	2010-03-24 10:28:00	NULL
3811	CAP NO-PAY FOR SCRIPT #	COMPETITIVE ACQUISITION PROGRAM NO-PAY SUBMISSION FOR A PRESCRIPTION NUMBER	J1	1	128	0	2010-03-25 10:28:00	1	2010-03-25 10:28:00	NULL
3841	CAP RE-STOCK	COMPETITIVE ACQUISITION PROGRAM, RESTOCKING OF EMERGENCY DRUGS AFTER EMERGENCY ADMINISTRATION	J2	1	129	0	2010-03-26 10:28:00	1	2010-03-26 10:28:00	NULL
3871	CAP UNDER AVG PRICE	COMPETITIVE ACQUISITION PROGRAM (CAP), DRUG NOT AVAILABLE THROUGH CAP AS WRITTEN, REIMBURSED UNDER AVERAGE SALES PRICE METHODOLOGY	J3	1	130	0	2010-03-27 10:28:00	1	2010-03-27 10:28:00	NULL
3901	INTRAVENOUSLY ADMIN.	ADMINISTERED INTRAVENOUSLY	JA	1	131	0	2010-03-28 10:28:00	1	2010-03-28 10:28:00	NULL
3931	SUBCUTANEOUS ADMIN.	ADMINISTERED SUBCUTANEOUSLY	JB	1	132	0	2010-03-29 10:28:00	1	2010-03-29 10:28:00	NULL
3961	SKIN SUB. USED AS GRAFT	SKIN SUBSTITUTE USED AS A GRAFT	JC	1	133	0	2010-03-30 10:28:00	1	2010-03-30 10:28:00	NULL
3991	SKIN SUB. NOT USED	SKIN SUBSTITUTE NOT USED AS A GRAFT	JD	1	134	0	2010-03-31 10:28:00	1	2010-03-31 10:28:00	NULL
4021	DRUM AMNT NOT ADMIN.	DRUG AMOUNT DISCARDED/NOT ADMINISTERED TO ANY PATIENT	JW	1	135	0	2010-04-01 10:28:00	1	2010-04-01 10:28:00	NULL
4051	LEPF LEVEL 0	LOWER EXTREMITY PROSTHESIS FUNCTIONAL LEVEL 0 - DOES NOT HAVE THE ABILITY OR POTENTIAL TO AMBULATE OR TRANSFER SAFELY WITH OR WITHOUT ASSISTANCE AND A PROSTHESIS DOES NOT ENHANCE THEIR QUALITY OF LIFE OR MOBILITY.	K0	1	136	0	2010-04-02 10:28:00	1	2010-04-02 10:28:00	NULL
4081	LEPF LEVEL 1	LOWER EXTREMITY PROSTHESIS FUNCTIONAL LEVEL 1 - HAS THE ABILITY OR POTENTIAL TO USE A PROSTHESIS FOR TRANSFERS OR AMBULATION ON LEVEL SURFACES AT FIXED CADENCE. TYPICAL OF THE LIMITED AND UNLIMITED HOUSEHOLD AMBULATOR.	K1	1	137	0	2010-04-03 10:28:00	1	2010-04-03 10:28:00	NULL
4111	LEPF LEVEL 2	LOWER EXTREMITY PROSTHESIS FUNCTIONAL LEVEL 2 - HAS THE ABILITY OR POTENTIAL FOR AMBULATION WITH THE ABILITY TO TRAVERSE LOW LEVEL ENVIRONMENTAL BARRIERS SUCH AS CURBS, STAIRS OR UNEVEN SURFACES. TYPICAL OF THE LIMITED COMMUNITY AMBULATOR.	K2	1	138	0	2010-04-04 10:28:00	1	2010-04-04 10:28:00	NULL
4141	LEPF LEVEL 3	LOWER EXTREMITY PROSTHESIS FUNCTIONAL LEVEL 3 - HAS THE ABILITY OR POTENTIAL FOR AMBULATION WITH VARIABLE CADENCE. TYPICAL OF THE COMMUNITY AMBULATOR WHO HAS THE ABILITY TO TRANSVERSE MOST ENVIRONMENTAL BARRIERS AND MAY HAVE VOCATIONAL, THERAPEUTIC OR EXERCISE ACTIVITY THAT DEMANDS PROSTHETIC UTILIZATION BEYOND SIMPLE LOCOMOTION.	K3	1	139	0	2010-04-05 10:28:00	1	2010-04-05 10:28:00	NULL
4171	LEPF LEVEL 4	LOWER PROSTHESIS FUNCTIONAL LEVEL 4 - HAS THE ABILITY OR POTENTIAL FOR PROSTHETIC AMBULATION THAT EXCEEDS THE BASIC AMBULATION SKILLS, EXHIBITING HIGH IMPACT, STRESS, OR ENERGY LEVELS, TYPICAL OF THE PROSTHETIC DEMANDS OF THE CHILD, ACTIVE ADULT, OR ATHLETE.	K4	1	140	0	2010-04-06 10:28:00	1	2010-04-06 10:28:00	NULL
4201	WHEELCHAIR ADD-ON	ADD ON OPTION/ACCESSORY FOR WHEELCHAIR	KA	1	141	0	2010-04-07 10:28:00	1	2010-04-07 10:28:00	NULL
4231	ABN REQUEST. > 4 MODS.	BENEFICIARY REQUESTED UPGRADE FOR ABN, MORE THAN 4 MODIFIERS IDENTIFIED ON CLAIM	KB	1	142	0	2010-04-08 10:28:00	1	2010-04-08 10:28:00	NULL
4261	POWER WHEELCHAIR INT.	REPLACEMENT OF SPECIAL POWER WHEELCHAIR INTERFACE	KC	1	143	0	2010-04-09 10:28:00	1	2010-04-09 10:28:00	NULL
4291	DRUG/BIO THROUGH DME	DRUG OR BIOLOGICAL INFUSED THROUGH DME	KD	1	144	0	2010-04-10 10:28:00	1	2010-04-10 10:28:00	NULL
4321	BID UNER DMEPOS R1	BID UNDER ROUND ONE OF THE DMEPOS COMPETITIVE BIDDING PROGRAM FOR USE WITH NON-COMPETITIVE BID BASE EQUIPMENT	KE	1	145	0	2010-04-11 10:28:00	1	2010-04-11 10:28:00	NULL
4351	FDA CLASS 3 DEVICE	ITEM DESIGNATED BY FDA AS CLASS III DEVICE	KF	1	146	0	2010-04-12 10:28:00	1	2010-04-12 10:28:00	NULL
4381	DMEPOS COMP BID #1	DMEPOS ITEM SUBJECT TO DMEPOS COMPETITIVE BIDDING PROGRAM NUMBER 1	KG	1	147	0	2010-04-13 10:28:00	1	2010-04-13 10:28:00	NULL
4411	DMEPOS 1ST CLAIM/RENT	DMEPOS ITEM, INITIAL CLAIM, PURCHASE OR FIRST MONTH RENTAL	KH	1	148	0	2010-04-14 10:28:00	1	2010-04-14 10:28:00	NULL
4441	DMEPOST 2ND/3RD	DMEPOS ITEM, SECOND OR THIRD MONTH RENTAL	KI	1	149	0	2010-04-15 10:28:00	1	2010-04-15 10:28:00	NULL
4471	DMEPOST 4-15	DMEPOS ITEM, PARENTERAL ENTERAL NUTRITION (PEN) PUMP OR CAPPED RENTAL, MONTHS FOUR TO FIFTEEN	KJ	1	150	0	2010-04-16 10:28:00	1	2010-04-16 10:28:00	NULL
4501	DMEPOS COMP BID #2	DMEPOS ITEM SUBJECT TO DMEPOS COMPETITIVE BIDDING PROGRAM NUMBER 2	KK	1	151	0	2010-04-17 10:28:00	1	2010-04-17 10:28:00	NULL
4531	DMEPOS VIA MAIL	DMEPOS ITEM DELIVERED VIA MAIL	KL	1	152	0	2010-04-18 10:28:00	1	2010-04-18 10:28:00	NULL
4561	REP FACIAL PROSTH NEW	REPLACEMENT OF FACIAL PROSTHESIS INCLUDING NEW IMPRESSION/MOULAGE	KM	1	153	0	2010-04-19 10:28:00	1	2010-04-19 10:28:00	NULL
4591	REP FACIAL PROSTH MSTR	REPLACEMENT OF FACIAL PROSTHESIS USING PREVIOUS MASTER MODEL	KN	1	154	0	2010-04-20 10:28:00	1	2010-04-20 10:28:00	NULL
4621	SINGLE DRUG UNIT DOSE	SINGLE DRUG UNIT DOSE FORMULATION	KO	1	155	0	2010-04-21 10:28:00	1	2010-04-21 10:28:00	NULL
4651	1ST OF MULTI DOSE FORM	FIRST DRUG OF A MULTIPLE DRUG UNIT DOSE FORMULATION	KP	1	156	0	2010-04-22 10:28:00	1	2010-04-22 10:28:00	NULL
4681	2ND + MULTI DOSE FORM	SECOND OR SUBSEQUENT DRUG OF A MULTIPLE DRUG UNIT DOSE FORMULATION	KQ	1	157	0	2010-04-23 10:28:00	1	2010-04-23 10:28:00	NULL
4711	RENTAL PART MONTH	RENTAL ITEM, BILLING FOR PARTIAL MONTH	KR	1	158	0	2010-04-24 10:28:00	1	2010-04-24 10:28:00	NULL
4741	GLUC MON NO INSULIN	GLUCOSE MONITOR SUPPLY FOR DIABETIC BENEFICIARY NOT TREATED WITH INSULIN	KS	1	159	0	2010-04-25 10:28:00	1	2010-04-25 10:28:00	NULL
4771	BENEFICIARY EX CBA	BENEFICIARY RESIDES IN A COMPETITIVE BIDDING AREA AND TRAVELS OUTSIDE THAT COMPETITIVE BIDDING AREA AND RECEIVES A COMPETITIVE BID ITEM	KT	1	160	0	2010-04-26 10:28:00	1	2010-04-26 10:28:00	NULL
4801	DMEPOS COMP BID #3	DMEPOS ITEM SUBJECT TO DMEPOS COMPETITIVE BIDDING PROGRAM NUMBER 3	KU	1	161	0	2010-04-27 10:28:00	1	2010-04-27 10:28:00	NULL
4831	DMEPOS COMP BID PROF	DMEPOS ITEM SUBJECT TO DMEPOS COMPETITIVE BIDDING PROGRAM THAT IS FURNISHED AS PART OF A PROFESSIONAL SERVICE	KV	1	162	0	2010-04-28 10:28:00	1	2010-04-28 10:28:00	NULL
4861	DMEPOS COMP BID #4	DMEPOS ITEM SUBJECT TO DMEPOS COMPETITIVE BIDDING PROGRAM NUMBER 4	KW	1	163	0	2010-04-29 10:28:00	1	2010-04-29 10:28:00	NULL
4891	POLICY REQS MET	REQUIREMENTS SPECIFIED IN THE MEDICAL POLICY HAVE BEEN MET	KX	1	164	0	2010-04-30 10:28:00	1	2010-04-30 10:28:00	NULL
4921	DMEPOS COMP BID #5	DMEPOS ITEM SUBJECT TO DMEPOS COMPETITIVE BIDDING PROGRAM NUMBER 5	KY	1	165	0	2010-05-01 10:28:00	1	2010-05-01 10:28:00	NULL
4951	NEW COV NOT MAN CARE	NEW COVERAGE NOT IMPLEMENTED BY MANAGED CARE	KZ	1	166	0	2010-05-02 10:28:00	1	2010-05-02 10:28:00	NULL
4981	LEFT CIRC COR ART	LEFT CIRCUMFLEX CORONARY ARTERY	LC	1	167	0	2010-05-03 10:28:00	1	2010-05-03 10:28:00	NULL
5011	LEFT ANT DESC COR ART	LEFT ANTERIOR DESCENDING CORONARY ARTERY	LD	1	168	0	2010-05-04 10:28:00	1	2010-05-04 10:28:00	NULL
5041	LEASE/RENTAL	LEASE/RENTAL (USE THE 'LL' MODIFIER WHEN DME EQUIPMENT RENTAL IS TO BE APPLIED AGAINST THE PURCHASE PRICE)	LL	1	169	0	2010-05-05 10:28:00	1	2010-05-05 10:28:00	NULL
5071	LAB ROUND TRIP	LABORATORY ROUND TRIP	LR	1	170	0	2010-05-06 10:28:00	1	2010-05-06 10:28:00	NULL
5101	FDA-MON INTRA LENS IMP	FDA-MONITORED INTRAOCULAR LENS IMPLANT	LS	1	171	0	2010-05-07 10:28:00	1	2010-05-07 10:28:00	NULL
5131	LEFT SIDE	LEFT SIDE (USED TO IDENTIFY PROCEDURES PERFORMED ON THE LEFT SIDE OF THE BODY)	LT	1	172	0	2010-05-08 10:28:00	1	2010-05-08 10:28:00	NULL
5161	MSP	MEDICARE SECONDARY PAYER (MSP)	M2	1	173	0	2010-05-09 10:28:00	1	2010-05-09 10:28:00	NULL
5191	6 MNTH MAINT FEE	SIX MONTH MAINTENANCE AND SERVICING FEE FOR REASONABLE AND NECESSARY PARTS AND LABOR WHICH ARE NOT COVERED UNDER ANY MANUFACTURER OR SUPPLIER WARRANTY	MS	1	174	0	2010-05-10 10:28:00	1	2010-05-10 10:28:00	NULL
5221	NEW WHEN RENTED	NEW WHEN RENTED (USE THE 'NR' MODIFIER WHEN DME WHICH WAS NEW AT THE TIME OF RENTAL IS SUBSEQUENTLY PURCHASED)	NR	1	175	0	2010-05-11 10:28:00	1	2010-05-11 10:28:00	NULL
5251	NEW EQPT	NEW EQUIPMENT	NU	1	176	0	2010-05-12 10:28:00	1	2010-05-12 10:28:00	NULL
5281	HEALTHY PATIENT	A NORMAL HEALTHY PATIENT	P1	1	177	0	2010-05-13 10:28:00	1	2010-05-13 10:28:00	NULL
5311	PAT MILD SYST DISEASE	A PATIENT WITH MILD SYSTEMIC DISEASE	P2	1	178	0	2010-05-14 10:28:00	1	2010-05-14 10:28:00	NULL
5341	PAT SEVERE SYST DISEASE	A PATIENT WITH SEVERE SYSTEMIC DISEASE	P3	1	179	0	2010-05-15 10:28:00	1	2010-05-15 10:28:00	NULL
5371	PAT THREAT SYST DISEASE	A PATIENT WITH SEVERE SYSTEMIC DISEASE THAT IS A CONSTANT THREAT TO LIFE	P4	1	180	0	2010-05-16 10:28:00	1	2010-05-16 10:28:00	NULL
5401	MORIBUND NEEDS OP	A MORIBUND PATIENT WHO IS NOT EXPECTED TO SURVIVE WITHOUT THE OPERATION	P5	1	181	0	2010-05-17 10:28:00	1	2010-05-17 10:28:00	NULL
5431	CBD DONOR ORG REMOVE	A DECLARED BRAIN-DEAD PATIENT WHOSE ORGANS ARE BEING REMOVED FOR DONOR PURPOSES	P6	1	182	0	2010-05-18 10:28:00	1	2010-05-18 10:28:00	NULL
5461	PROG ADDITION LENSES	PROGRESSIVE ADDITION LENSES	PL	1	183	0	2010-05-19 10:28:00	1	2010-05-19 10:28:00	NULL
5491	CLINICAL STUDY	INVESTIGATIONAL CLINICAL SERVICE PROVIDED IN A CLINICAL RESEARCH STUDY THAT IS IN AN APPROVED CLINICAL RESEARCH STUDY	Q0	1	184	0	2010-05-20 10:28:00	1	2010-05-20 10:28:00	NULL
5521	ROUTINE IN CLIN STUDY	ROUTINE CLINICAL SERVICE PROVIDED IN A CLINICAL RESEARCH STUDY THAT IS IN AN APPROVED CLINICAL RESEARCH STUDY	Q1	1	185	0	2010-05-21 10:28:00	1	2010-05-21 10:28:00	NULL
5551	HCFA/ORD DEMO PROJ	HCFA/ORD DEMONSTRATION PROJECT PROCEDURE/SERVICE	Q2	1	186	0	2010-05-22 10:28:00	1	2010-05-22 10:28:00	NULL
5581	LIVE KIDNEY DONOR SURG	LIVE KIDNEY DONOR SURGERY AND RELATED SERVICES	Q3	1	187	0	2010-05-23 10:28:00	1	2010-05-23 10:28:00	NULL
5611	SVC REFERAL EXEPTION	SERVICE FOR ORDERING/REFERRING PHYSICIAN QUALIFIES AS A SERVICE EXEMPTION	Q4	1	188	0	2010-05-24 10:28:00	1	2010-05-24 10:28:00	NULL
5641	SVC BY SUB RECIP BILL	SERVICE FURNISHED BY A SUBSTITUTE PHYSICIAN UNDER A RECIPROCAL BILLING ARRANGEMENT	Q5	1	189	0	2010-05-25 10:28:00	1	2010-05-25 10:28:00	NULL
5671	SVC BY LOCUM TENENS	SERVICE FURNISHED BY A LOCUM TENENS PHYSICIAN	Q6	1	190	0	2010-05-26 10:28:00	1	2010-05-26 10:28:00	NULL
5701	1 CLASS A FINDING	ONE CLASS A FINDING	Q7	1	191	0	2010-05-27 10:28:00	1	2010-05-27 10:28:00	NULL
5731	2 CLASS B FINDING	TWO CLASS B FINDINGS	Q8	1	192	0	2010-05-28 10:28:00	1	2010-05-28 10:28:00	NULL
5761	1 B + 2 C CLASS FINDINGS	ONE CLASS B AND TWO CLASS C FINDINGS	Q9	1	193	0	2010-05-29 10:28:00	1	2010-05-29 10:28:00	NULL
5791	SINGLE CHANN MONITOR	SINGLE CHANNEL MONITORING	QC	1	194	0	2010-05-30 10:28:00	1	2010-05-30 10:28:00	NULL
5821	DIGITAL RECORDER	RECORDING AND STORAGE IN SOLID STATE MEMORY BY A DIGITAL RECORDER	QD	1	195	0	2010-05-31 10:28:00	1	2010-05-31 10:28:00	NULL
5851	RX O2 < 1 LPM	PRESCRIBED AMOUNT OF OXYGEN IS LESS THAN 1 LITER PER MINUTE (LPM)	QE	1	196	0	2010-06-01 10:28:00	1	2010-06-01 10:28:00	NULL
5881	RX PORT 02 > 4 LPM	PRESCRIBED AMOUNT OF OXYGEN EXCEEDS 4 LITERS PER MINUTE (LPM) AND PORTABLE OXYGEN IS PRESCRIBED	QF	1	197	0	2010-06-02 10:28:00	1	2010-06-02 10:28:00	NULL
5911	RX O2 > 4 LPM	PRESCRIBED AMOUNT OF OXYGEN IS GREATER THAN 4 LITERS PER MINUTE(LPM)	QG	1	198	0	2010-06-03 10:28:00	1	2010-06-03 10:28:00	NULL
5941	O2 CONSV WITH DEL SYS	OXYGEN CONSERVING DEVICE IS BEING USED WITH AN OXYGEN DELIVERY SYSTEM	QH	1	199	0	2010-06-04 10:28:00	1	2010-06-04 10:28:00	NULL
5971	PRISONER LOCAL CUSTODY	SERVICES/ITEMS PROVIDED TO A PRISONER OR PATIENT IN STATE OR LOCAL CUSTODY, HOWEVER THE STATE OR LOCAL GOVERNMENT, AS APPLICABLE, MEETS THE REQUIREMENTS IN 42 CFR 411.4 (B)	QJ	1	200	0	2010-06-05 10:28:00	1	2010-06-05 10:28:00	NULL
6001	DIRECT MULTI ANESTHESIA	MEDICAL DIRECTION OF TWO, THREE, OR FOUR CONCURRENT ANESTHESIA PROCEDURES INVOLVING QUALIFIED INDIVIDUALS	QK	1	201	0	2010-06-06 10:28:00	1	2010-06-06 10:28:00	NULL
6031	PAT DEAD AFTER AMB CALL	PATIENT PRONOUNCED DEAD AFTER AMBULANCE CALLED	QL	1	202	0	2010-06-07 10:28:00	1	2010-06-07 10:28:00	NULL
6061	AMB ARR BY SVCS PROV	AMBULANCE SERVICE PROVIDED UNDER ARRANGEMENT BY A PROVIDER OF SERVICES	QM	1	203	0	2010-06-08 10:28:00	1	2010-06-08 10:28:00	NULL
6091	AMB DIRECT BY SVCS PROV	AMBULANCE SERVICE FURNISHED DIRECTLY BY A PROVIDER OF SERVICES	QN	1	204	0	2010-06-09 10:28:00	1	2010-06-09 10:28:00	NULL
6121	DOC FOR PROFILED TEST	DOCUMENTATION IS ON FILE SHOWING THAT THE LABORATORY TEST(S) WAS ORDERED INDIVIDUALLY OR ORDERED AS A CPT-RECOGNIZED PANEL OTHER THAN AUTOMATED PROFILE CODES 80002-80019, G0058, G0059, AND G0060.	QP	1	205	0	2010-06-10 10:28:00	1	2010-06-10 10:28:00	NULL
6151	MON ANESTH CAR SVC	MONITORED ANESTHESIA CARE SERVICE	QS	1	206	0	2010-06-11 10:28:00	1	2010-06-11 10:28:00	NULL
6181	ANALOG TAPE REC	RECORDING AND STORAGE ON TAPE BY AN ANALOG TAPE RECORDER	QT	1	207	0	2010-06-12 10:28:00	1	2010-06-12 10:28:00	NULL
6211	CLIA WAIVED TEST	CLIA WAIVED TEST	QW	1	208	0	2010-06-13 10:28:00	1	2010-06-13 10:28:00	NULL
6241	CRNA SVC BY PHYS	CRNA SERVICE: WITH MEDICAL DIRECTION BY A PHYSICIAN	QX	1	209	0	2010-06-14 10:28:00	1	2010-06-14 10:28:00	NULL
6271	CRNA SUPER BY ANESTHES	MEDICAL DIRECTION OF ONE CERTIFIED REGISTERED NURSE ANESTHETIST (CRNA) BY AN ANESTHESIOLOGIST	QY	1	210	0	2010-06-15 10:28:00	1	2010-06-15 10:28:00	NULL
6301	CRNA SVC NO DIR BY PHYS	CRNA SERVICE: WITHOUT MEDICAL DIRECTION BY A PHYSICIAN	QZ	1	211	0	2010-06-16 10:28:00	1	2010-06-16 10:28:00	NULL
6331	REPLACE DME ITEM	REPLACEMENT OF A DME ITEM	RA	1	212	0	2010-06-17 10:28:00	1	2010-06-17 10:28:00	NULL
6361	REPLACE DME ITEM PART	REPLACEMENT OF A PART OF DME FURNISHED AS PART OF A REPAIR	RB	1	213	0	2010-06-18 10:28:00	1	2010-06-18 10:28:00	NULL
6391	RIGHT CORON ART	RIGHT CORONARY ARTERY	RC	1	214	0	2010-06-19 10:28:00	1	2010-06-19 10:28:00	NULL
6421	DRUG PROV NO ADMIN	"DRUG PROVIDED TO BENEFICIARY, BUT NOT ADMINISTERED ""INCIDENT-TO"""	RD	1	215	0	2010-06-20 10:28:00	1	2010-06-20 10:28:00	NULL
6451	FURNISH REMS	FURNISHED IN FULL COMPLIANCE WITH FDA-MANDATED RISK EVALUATION AND MITIGATION STRATEGY (REMS)	RE	1	216	0	2010-06-21 10:28:00	1	2010-06-21 10:28:00	NULL
6481	RENTAL	RENTAL (USE THE 'RR' MODIFIER WHEN DME IS TO BE RENTED)	RR	1	217	0	2010-06-22 10:28:00	1	2010-06-22 10:28:00	NULL
6511	RIGHT SIDE	RIGHT SIDE (USED TO IDENTIFY PROCEDURES PERFORMED ON THE RIGHT SIDE OF THE BODY)	RT	1	218	0	2010-06-23 10:28:00	1	2010-06-23 10:28:00	NULL
6541	NURSE PRAC WITH PHYS	NURSE PRACTITIONER RENDERING SERVICE IN COLLABORATION WITH A PHYSICIAN	SA	1	219	0	2010-06-24 10:28:00	1	2010-06-24 10:28:00	NULL
6571	NURSE MIDWIFE	NURSE MIDWIFE	SB	1	220	0	2010-06-25 10:28:00	1	2010-06-25 10:28:00	NULL
6601	MED NECESSARY	MEDICALLY NECESSARY SERVICE OR SUPPLY	SC	1	221	0	2010-06-26 10:28:00	1	2010-06-26 10:28:00	NULL
6631	RN SVC HIGHLY TECHNICAL	SERVICES PROVIDED BY REGISTERED NURSE WITH SPECIALIZED, HIGHLY TECHNICAL HOME INFUSION TRAINING	SD	1	222	0	2010-06-27 10:28:00	1	2010-06-27 10:28:00	NULL
6661	ST/FED PROGS/SVCS	STATE AND/OR FEDERALLY-FUNDED PROGRAMS/SERVICES	SE	1	223	0	2010-06-28 10:28:00	1	2010-06-28 10:28:00	NULL
6691	2ND OPINION BY PRO	SECOND OPINION ORDERED BY A PROFESSIONAL REVIEW ORGANIZATION (PRO) PER SECTION 9401, P.L. 99-272 (100% REIMBURSEMENT - NO MEDICARE DEDUCTIBLE OR COINSURANCE)	SF	1	224	0	2010-06-29 10:28:00	1	2010-06-29 10:28:00	NULL
6721	ASC FACILITY SVC	AMBULATORY SURGICAL CENTER (ASC) FACILITY SERVICE	SG	1	225	0	2010-06-30 10:28:00	1	2010-06-30 10:28:00	NULL
6751	2ND CONCURRENT INFUS	SECOND CONCURRENTLY ADMINISTERED INFUSION THERAPY	SH	1	226	0	2010-07-01 10:28:00	1	2010-07-01 10:28:00	NULL
6781	3RD+ CONCURRENT INFUS	THIRD OR MORE CONCURRENTLY ADMINISTERED INFUSION THERAPY	SJ	1	227	0	2010-07-02 10:28:00	1	2010-07-02 10:28:00	NULL
6811	HIGH RISK POP MEMBER	MEMBER OF HIGH RISK POPULATION (USE ONLY WITH CODES FOR IMMUNIZATION)	SK	1	228	0	2010-07-03 10:28:00	1	2010-07-03 10:28:00	NULL
6841	ST SUPPLIED VACCINE	STATE SUPPLIED VACCINE	SL	1	229	0	2010-07-04 10:28:00	1	2010-07-04 10:28:00	NULL
6871	2ND SURGICAL OPINION	SECOND SURGICAL OPINION	SM	1	230	0	2010-07-05 10:28:00	1	2010-07-05 10:28:00	NULL
6901	3RD SURGICAL OPINION	THIRD SURGICAL OPINION	SN	1	231	0	2010-07-06 10:28:00	1	2010-07-06 10:28:00	NULL
6931	ORD BY HOME HEALTH	ITEM ORDERED BY HOME HEALTH	SQ	1	232	0	2010-07-07 10:28:00	1	2010-07-07 10:28:00	NULL
6961	HOME INF SVC IN SUITE	HOME INFUSION SERVICES PROVIDED IN THE INFUSION SUITE OF THE IV THERAPY PROVIDER	SS	1	233	0	2010-07-08 10:28:00	1	2010-07-08 10:28:00	NULL
6991	TRAUMA/INJURY RELATED	RELATED TO TRAUMA OR INJURY	ST	1	234	0	2010-07-09 10:28:00	1	2010-07-09 10:28:00	NULL
7021	PROC IN PHYS OFFICE	PROCEDURE PERFORMED IN PHYSICIAN'S OFFICE (TO DENOTE USE OF FACILITY AND EQUIPMENT)	SU	1	235	0	2010-07-10 10:28:00	1	2010-07-10 10:28:00	NULL
7051	PHARM TO PAT NOT USED	PHARMACEUTICALS DELIVERED TO PATIENT'S HOME BUT NOT UTILIZED	SV	1	236	0	2010-07-11 10:28:00	1	2010-07-11 10:28:00	NULL
7081	SVC BY CERT DIABETIC ED	SERVICES PROVIDED BY A CERTIFIED DIABETIC EDUCATOR	SW	1	237	0	2010-07-12 10:28:00	1	2010-07-12 10:28:00	NULL
7111	HIGH RISK CLOSE CONTACT	PERSONS WHO ARE IN CLOSE CONTACT WITH MEMBER OF HIGH-RISK POPULATION (USE ONLY WITH CODES FOR IMMUNIZATION)	SY	1	238	0	2010-07-13 10:28:00	1	2010-07-13 10:28:00	NULL
7141	LEFT FOOT 2ND DIGIT	LEFT FOOT, SECOND DIGIT	T1	1	239	0	2010-07-14 10:28:00	1	2010-07-14 10:28:00	NULL
7171	LEFT FOOT 3RD DIGIT	LEFT FOOT, THIRD DIGIT	T2	1	240	0	2010-07-15 10:28:00	1	2010-07-15 10:28:00	NULL
7201	LEFT FOOT 4TH DIGIT	LEFT FOOT, FOURTH DIGIT	T3	1	241	0	2010-07-16 10:28:00	1	2010-07-16 10:28:00	NULL
7231	LEFT FOOT 5TH DIGIT	LEFT FOOT, FIFTH DIGIT	T4	1	242	0	2010-07-17 10:28:00	1	2010-07-17 10:28:00	NULL
7261	RIGHT FOOT GT TOE	RIGHT FOOT, GREAT TOE	T5	1	243	0	2010-07-18 10:28:00	1	2010-07-18 10:28:00	NULL
7291	RIGHT FOOT 2ND DIGIT	RIGHT FOOT, SECOND DIGIT	T6	1	244	0	2010-07-19 10:28:00	1	2010-07-19 10:28:00	NULL
7321	RIGHT FOOT 3RD DIGIT	RIGHT FOOT, THIRD DIGIT	T7	1	245	0	2010-07-20 10:28:00	1	2010-07-20 10:28:00	NULL
7351	RIGHT FOOT 4TH DIGIT	RIGHT FOOT, FOURTH DIGIT	T8	1	246	0	2010-07-21 10:28:00	1	2010-07-21 10:28:00	NULL
7381	RIGHT FOOT 5TH DIGIT	RIGHT FOOT, FIFTH DIGIT	T9	1	247	0	2010-07-22 10:28:00	1	2010-07-22 10:28:00	NULL
7411	LEFT FOOT GT TOE	LEFT FOOT, GREAT TOE	TA	1	248	0	2010-07-23 10:28:00	1	2010-07-23 10:28:00	NULL
7441	TECHNICAL COMPONENT	TECHNICAL COMPONENT. UNDER CERTAIN CIRCUMSTANCES, A CHARGE MAY BE MADE FOR THE TECHNICAL COMPONENT ALONE. UNDER THOSE CIRCUMSTANCES THE TECHNICAL COMPONENT CHARGE IS IDENTIFIED BY ADDING MODIFIER 'TC' TO THE USUAL PROCEDURE NUMBER. TECHNICAL COMPONENT CHARGES ARE INSTITUTIONAL CHARGES AND NOT BILLED SEPARATELY BY PHYSICIANS. HOWEVER, PORTABLE X-RAY SUPPLIERS ONLY BILL FOR TECHNICAL COMPONENT AND SHOULD UTILIZE MODIFIER TC. THE CHARGE DATA FROM PORTABLE X-RAY SUPPLIERS WILL THEN BE USED TO BUILD CUSTOMARY AND PREVAILING PROFILES.	TC	1	249	0	2010-07-24 10:28:00	1	2010-07-24 10:28:00	NULL
7471	RN	RN	TD	1	250	0	2010-07-25 10:28:00	1	2010-07-25 10:28:00	NULL
7501	LPN/LVN	LPN/LVN	TE	1	251	0	2010-07-26 10:28:00	1	2010-07-26 10:28:00	NULL
7531	INTERMED LEVEL OF CARE	INTERMEDIATE LEVEL OF CARE	TF	1	252	0	2010-07-27 10:28:00	1	2010-07-27 10:28:00	NULL
7561	COMPLEX LEVEL OF CARE	COMPLEX/HIGH TECH LEVEL OF CARE	TG	1	253	0	2010-07-28 10:28:00	1	2010-07-28 10:28:00	NULL
7591	OB TREAT PRE OR POST	OBSTETRICAL TREATMENT/SERVICES, PRENATAL OR POSTPARTUM	TH	1	254	0	2010-07-29 10:28:00	1	2010-07-29 10:28:00	NULL
7621	PROG GRP CHILD/ADOLESC	PROGRAM GROUP, CHILD AND/OR ADOLESCENT	TJ	1	255	0	2010-07-30 10:28:00	1	2010-07-30 10:28:00	NULL
7651	EXT PAT/PASS NON-AMB	EXTRA PATIENT OR PASSENGER, NON-AMBULANCE	TK	1	256	0	2010-07-31 10:28:00	1	2010-07-31 10:28:00	NULL
7681	IFSP	EARLY INTERVENTION/INDIVIDUALIZED FAMILY SERVICE PLAN (IFSP)	TL	1	257	0	2010-08-01 10:28:00	1	2010-08-01 10:28:00	NULL
7711	IEP	INDIVIDUALIZED EDUCATION PROGRAM (IEP)	TM	1	258	0	2010-08-02 10:28:00	1	2010-08-02 10:28:00	NULL
7741	RURAL/OUTSIDE CSA	RURAL/OUTSIDE PROVIDERS' CUSTOMARY SERVICE AREA	TN	1	259	0	2010-08-03 10:28:00	1	2010-08-03 10:28:00	NULL
7771	MED TRANS UNLOAD VEH	MEDICAL TRANSPORT, UNLOADED VEHICLE	TP	1	260	0	2010-08-04 10:28:00	1	2010-08-04 10:28:00	NULL
7801	LIFE SUPP TRANS VOLUNT	BASIC LIFE SUPPORT TRANSPORT BY A VOLUNTEER AMBULANCE PROVIDER	TQ	1	261	0	2010-08-05 10:28:00	1	2010-08-05 10:28:00	NULL
7831	SCHOOL IEP	SCHOOL-BASED INDIVIDUALIZED EDUCATION PROGRAM (IEP) SERVICES PROVIDED OUTSIDE THE PUBLIC SCHOOL DISTRICT RESPONSIBLE FOR THE STUDENT	TR	1	262	0	2010-08-06 10:28:00	1	2010-08-06 10:28:00	NULL
7861	FOLLOW-UP SERVICE	FOLLOW-UP SERVICE	TS	1	263	0	2010-08-07 10:28:00	1	2010-08-07 10:28:00	NULL
7891	INDIV SVC >1 PAT	INDIVIDUALIZED SERVICE PROVIDED TO MORE THAN ONE PATIENT IN SAME SETTING	TT	1	264	0	2010-08-08 10:28:00	1	2010-08-08 10:28:00	NULL
7921	SPCL RATE OVERTIME	SPECIAL PAYMENT RATE, OVERTIME	TU	1	265	0	2010-08-09 10:28:00	1	2010-08-09 10:28:00	NULL
7951	SPCL RATE HOLS/WE	SPECIAL PAYMENT RATES, HOLIDAYS/WEEKENDS	TV	1	266	0	2010-08-10 10:28:00	1	2010-08-10 10:28:00	NULL
7981	BACK-UP EQPT	BACK-UP EQUIPMENT	TW	1	267	0	2010-08-11 10:28:00	1	2010-08-11 10:28:00	NULL
8011	MEDICAID LEVEL 1	MEDICAID LEVEL OF CARE 1, AS DEFINED BY EACH STATE	U1	1	268	0	2010-08-12 10:28:00	1	2010-08-12 10:28:00	NULL
8041	MEDICAID LEVEL 2	MEDICAID LEVEL OF CARE 2, AS DEFINED BY EACH STATE	U2	1	269	0	2010-08-13 10:28:00	1	2010-08-13 10:28:00	NULL
8071	MEDICAID LEVEL 3	MEDICAID LEVEL OF CARE 3, AS DEFINED BY EACH STATE	U3	1	270	0	2010-08-14 10:28:00	1	2010-08-14 10:28:00	NULL
8101	MEDICAID LEVEL 4	MEDICAID LEVEL OF CARE 4, AS DEFINED BY EACH STATE	U4	1	271	0	2010-08-15 10:28:00	1	2010-08-15 10:28:00	NULL
8131	MEDICAID LEVEL 5	MEDICAID LEVEL OF CARE 5, AS DEFINED BY EACH STATE	U5	1	272	0	2010-08-16 10:28:00	1	2010-08-16 10:28:00	NULL
8161	MEDICAID LEVEL 6	MEDICAID LEVEL OF CARE 6, AS DEFINED BY EACH STATE	U6	1	273	0	2010-08-17 10:28:00	1	2010-08-17 10:28:00	NULL
8191	MEDICAID LEVEL 7	MEDICAID LEVEL OF CARE 7, AS DEFINED BY EACH STATE	U7	1	274	0	2010-08-18 10:28:00	1	2010-08-18 10:28:00	NULL
8221	MEDICAID LEVEL 8	MEDICAID LEVEL OF CARE 8, AS DEFINED BY EACH STATE	U8	1	275	0	2010-08-19 10:28:00	1	2010-08-19 10:28:00	NULL
8251	MEDICAID LEVEL 9	MEDICAID LEVEL OF CARE 9, AS DEFINED BY EACH STATE	U9	1	276	0	2010-08-20 10:28:00	1	2010-08-20 10:28:00	NULL
8281	MEDICAID LEVEL 10	MEDICAID LEVEL OF CARE 10, AS DEFINED BY EACH STATE	UA	1	277	0	2010-08-21 10:28:00	1	2010-08-21 10:28:00	NULL
8311	MEDICAID LEVEL 11	MEDICAID LEVEL OF CARE 11, AS DEFINED BY EACH STATE	UB	1	278	0	2010-08-22 10:28:00	1	2010-08-22 10:28:00	NULL
8341	MEDICAID LEVEL 12	MEDICAID LEVEL OF CARE 12, AS DEFINED BY EACH STATE	UC	1	279	0	2010-08-23 10:28:00	1	2010-08-23 10:28:00	NULL
8371	MEDICAID LEVEL 13	MEDICAID LEVEL OF CARE 13, AS DEFINED BY EACH STATE	UD	1	280	0	2010-08-24 10:28:00	1	2010-08-24 10:28:00	NULL
8401	USED DURABLE EQPT.	USED DURABLE MEDICAL EQUIPMENT	UE	1	281	0	2010-08-25 10:28:00	1	2010-08-25 10:28:00	NULL
8431	MORNING SERVICES	SERVICES PROVIDED IN THE MORNING	UF	1	282	0	2010-08-26 10:28:00	1	2010-08-26 10:28:00	NULL
8461	AFTERNOON SERVICES	SERVICES PROVIDED IN THE AFTERNOON	UG	1	283	0	2010-08-27 10:28:00	1	2010-08-27 10:28:00	NULL
8491	EVENING SERVICES	SERVICES PROVIDED IN THE EVENING	UH	1	284	0	2010-08-28 10:28:00	1	2010-08-28 10:28:00	NULL
8521	NIGHT SERVICES	SERVICES PROVIDED AT NIGHT	UJ	1	285	0	2010-08-29 10:28:00	1	2010-08-29 10:28:00	NULL
8551	COLLATERAL RELTNSHIP	SERVICES PROVIDED ON BEHALF OF THE CLIENT TO SOMEONE OTHER THAN THE CLIENT (COLLATERAL RELATIONSHIP)	UK	1	286	0	2010-08-30 10:28:00	1	2010-08-30 10:28:00	NULL
8581	2 PATIENTS SERVED	TWO PATIENTS SERVED	UN	1	287	0	2010-08-31 10:28:00	1	2010-08-31 10:28:00	NULL
8611	3 PATIENTS SERVED	THREE PATIENTS SERVED	UP	1	288	0	2010-09-01 10:28:00	1	2010-09-01 10:28:00	NULL
8641	4 PATIENTS SERVED	FOUR PATIENTS SERVED	UQ	1	289	0	2010-09-02 10:28:00	1	2010-09-02 10:28:00	NULL
8671	5 PATIENTS SERVED	FIVE PATIENTS SERVED	UR	1	290	0	2010-09-03 10:28:00	1	2010-09-03 10:28:00	NULL
8701	6 OR > PATIENTS SERVED	SIX OR MORE PATIENTS SERVED	US	1	291	0	2010-09-04 10:28:00	1	2010-09-04 10:28:00	NULL
8731	APHAKIC	APHAKIC PATIENT	VP	1	292	0	2010-09-05 10:28:00	1	2010-09-05 10:28:00	NULL
8761	CYSTIC FIBROSIS	CFTR (CYSTIC FIBROSIS)	8A	1	293	0	2010-09-06 10:28:00	1	2010-09-06 10:28:00	NULL
8791	UNUSUAL PROCEDURE	INCREASED PROCEDURAL SERVICES	22	1	294	0	2010-09-07 10:28:00	1	2010-09-07 10:28:00	NULL
8821	UNUSUAL ANESTHESIA	UNUSUAL ANESTHESIA	23	1	295	0	2010-09-08 10:28:00	1	2010-09-08 10:28:00	NULL
8851	2 X EM BY PHYS POST OP	UNRELATED E&M SERVICE BY THE SAME PHYSICIAN DURING A POSTOPERATIVE PERIOD	24	1	296	0	2010-09-09 10:28:00	1	2010-09-09 10:28:00	NULL
8881	2 X EM BY PHYS 1 DAY	SIGNIFICANT, SEPARATELY IDENTIFIABLE E&M SERVICE BY THE SAME PHYSICIAN ON THE SAME DAY OF THE PROCEDURE OR OTHER SERVICE	25	1	297	0	2010-09-10 10:28:00	1	2010-09-10 10:28:00	NULL
8911	PROF. COMPONENT	PROFESSIONAL COMPONENT	26	1	298	0	2010-09-11 10:28:00	1	2010-09-11 10:28:00	NULL
8941	MULTI OUT PAT EM 1 DAY	MULTIPLE OUTPATIENT HOSPITAL E/M ENCOUNTERS ON THE SAME DATE	27	1	299	0	2010-09-12 10:28:00	1	2010-09-12 10:28:00	NULL
8971	MANDATED SERVICES	MANDATED SERVICES	32	1	300	0	2010-09-13 10:28:00	1	2010-09-13 10:28:00	NULL
9001	ANESTHESIA BY SURG.	ANESTHESIA BY SURGEON	47	1	301	0	2010-09-14 10:28:00	1	2010-09-14 10:28:00	NULL
9031	BILATERAL PROCEDURE	BILATERAL PROCEDURE	50	1	302	0	2010-09-15 10:28:00	1	2010-09-15 10:28:00	NULL
9061	MULTIPLE PROCEDURES	MULTIPLE PROCEDURES	51	1	303	0	2010-09-16 10:28:00	1	2010-09-16 10:28:00	NULL
9091	REDUCED SERVICES	REDUCED SERVICES	52	1	304	0	2010-09-17 10:28:00	1	2010-09-17 10:28:00	NULL
9121	DISCONTINUED PROC.	DISCONTINUED PROCEDURE	53	1	305	0	2010-09-18 10:28:00	1	2010-09-18 10:28:00	NULL
9151	SURG. CARE ONLY	SURGICAL CARE ONLY	54	1	306	0	2010-09-19 10:28:00	1	2010-09-19 10:28:00	NULL
9181	POST-OP MNGMT ONLY	POSTOPERATIVE MANAGEMENT ONLY	55	1	307	0	2010-09-20 10:28:00	1	2010-09-20 10:28:00	NULL
9211	PROC/SVC 1 PHYS POST-OP	STAGED OR RELATED PROCEDURE OR SERVICE BY THE SAME PHYSICIAN DURING THE POSTOPERATIVE PERIOD	58	1	308	0	2010-09-21 10:28:00	1	2010-09-21 10:28:00	NULL
9241	DISTINCE PROC. SVC	DISTINCT PROCEDURAL SERVICE	59	1	309	0	2010-09-22 10:28:00	1	2010-09-22 10:28:00	NULL
9271	2 SURGEONS	TWO SURGEONS	62	1	310	0	2010-09-23 10:28:00	1	2010-09-23 10:28:00	NULL
9301	PROC. INFANT <4KG	PROCEDURE PERFORMED ON INFANTS LESS THAN 4KG	63	1	311	0	2010-09-24 10:28:00	1	2010-09-24 10:28:00	NULL
9331	SURGICAL TEAM	SURGICAL TEAM	66	1	312	0	2010-09-25 10:28:00	1	2010-09-25 10:28:00	NULL
9361	DISC. ASC BEFORE ANESTH.	DISCONTINUED OUTPATIENT HOSPITAL/AMBULATORY SURGERY CENTER (ASC) PROCEDURE PRIOR TO THE ADMINISTRATION OF ANESTHESIA (TO BE REPORTED BY HOSPITAL OUTPATIENT DEPARTMENT OR SURGICAL CLINIC, ONLY)	73	1	313	0	2010-09-26 10:28:00	1	2010-09-26 10:28:00	NULL
9391	DISC. ASC AFTER ANESTH.	DISCONTINUED OUTPATIENT HOSPITAL/AMBULATORY SURGERY CENTER (ASC) PROCEDURE AFTER ADMINISTRATION OF ANESTHESIA 	74	1	314	0	2010-09-27 10:28:00	1	2010-09-27 10:28:00	NULL
9421	REPEAT SAME PHYS.	REPEAT PROCEDURE OR SERVICE BY SAME PHYSICIAN	76	1	315	0	2010-09-28 10:28:00	1	2010-09-28 10:28:00	NULL
9451	REPEAT PROC 2ND PHYS.	REPEAT PROCEDURE BY ANOTHER PHYSICIAN	77	1	316	0	2010-09-29 10:28:00	1	2010-09-29 10:28:00	NULL
9481	UNPLANNED OR RETURN	UNPLANNED RETURN TO THE OPERATING/PROCEDURE ROOM BY THE SAME PHYSICIAN FOLLOWING INITIAL PROCEDURE FOR A RELATED PROCEDURE DURING THE POSTOPERATIVE PERIOD	78	1	317	0	2010-09-30 10:28:00	1	2010-09-30 10:28:00	NULL
9511	UNREL PROC 1 PHY POST-OP	UNRELATED PROCEDURE OR SERVICE BY THE SAME PHYSICIAN DURING THE POSTOPERATIVE PERIOD	79	1	318	0	2010-10-01 10:28:00	1	2010-10-01 10:28:00	NULL
9541	ASSISTANT SURGEON	ASSISTANT SURGEON	80	1	319	0	2010-10-02 10:28:00	1	2010-10-02 10:28:00	NULL
9571	MIN. ASSIST. SURGEON	MINIMUM ASSISTANT SURGEON	81	1	320	0	2010-10-03 10:28:00	1	2010-10-03 10:28:00	NULL
9601	REF (OUTSIDE) LAB	REFERENCE (OUTSIDE) LABORATORY	90	1	321	0	2010-10-04 10:28:00	1	2010-10-04 10:28:00	NULL
9631	REPEAT DIAG. TEST	REPEAT CLINICAL DIAGNOSTIC LABORATORY TEST	91	1	322	0	2010-10-05 10:28:00	1	2010-10-05 10:28:00	NULL
9661	MULTIPLE MODIFIERS	MULTIPLE MODIFIERS	99	1	323	0	2010-10-06 10:28:00	1	2010-10-06 10:28:00	NULL
